"Condition 1";"Condition 2"
"7G-001";-0.0466381796838058;-0.0924675581158149
"7G-002";-0.369903604534619;-0.486532830717718
"7G-003";0.268043626546353;-0.0193112822414564
"7G-004";-0.226777566203044;-0.284846576241001
"7G-005";0.161418333370585;-0.0242276710060138
"7G-006";-0.0548441486303606;0.0423713174412126
"7G-007";0.284889827398854;-0.175307364009491
"7G-008";0.313905501973676;-0.199945153682752
"7G-009";-0.119735983243035;-0.414793713311821
"7G-010";0.185681089337797;-0.0139180586784275
